{
  "Add User" : {
    "transaction" : "Add User",
    "sampleCount" : 24,
    "errorCount" : 0,
    "errorPct" : 0.0,
    "meanResTime" : 81.58333333333333,
    "minResTime" : 50.0,
    "maxResTime" : 361.0,
    "pct1ResTime" : 196.5,
    "pct2ResTime" : 353.5,
    "pct3ResTime" : 361.0,
    "throughput" : 0.30764103418660993,
    "receivedKBytesPerSec" : 0.09794040736800276,
    "sentKBytesPerSec" : 0.08772576365477548
  },
  "GET All Activities" : {
    "transaction" : "GET All Activities",
    "sampleCount" : 20,
    "errorCount" : 0,
    "errorPct" : 0.0,
    "meanResTime" : 422.0,
    "minResTime" : 212.0,
    "maxResTime" : 765.0,
    "pct1ResTime" : 741.7000000000002,
    "pct2ResTime" : 764.25,
    "pct3ResTime" : 765.0,
    "throughput" : 0.25552574421873003,
    "receivedKBytesPerSec" : 0.7758100964609684,
    "sentKBytesPerSec" : 0.04591478216430306
  },
  "Add New Book using variable" : {
    "transaction" : "Add New Book using variable",
    "sampleCount" : 12,
    "errorCount" : 0,
    "errorPct" : 0.0,
    "meanResTime" : 53.41666666666667,
    "minResTime" : 51.0,
    "maxResTime" : 56.0,
    "pct1ResTime" : 55.7,
    "pct2ResTime" : 56.0,
    "pct3ResTime" : 56.0,
    "throughput" : 0.15382643250865272,
    "receivedKBytesPerSec" : 0.05738446993975131,
    "sentKBytesPerSec" : 0.057084027688757845
  },
  "Add CoverPhoto" : {
    "transaction" : "Add CoverPhoto",
    "sampleCount" : 24,
    "errorCount" : 0,
    "errorPct" : 0.0,
    "meanResTime" : 55.375,
    "minResTime" : 51.0,
    "maxResTime" : 60.0,
    "pct1ResTime" : 60.0,
    "pct2ResTime" : 60.0,
    "pct3ResTime" : 60.0,
    "throughput" : 0.3061810295337118,
    "receivedKBytesPerSec" : 0.09598057664093895,
    "sentKBytesPerSec" : 0.0947845569943229
  },
  "Add Users" : {
    "transaction" : "Add Users",
    "sampleCount" : 12,
    "errorCount" : 0,
    "errorPct" : 0.0,
    "meanResTime" : 55.24999999999999,
    "minResTime" : 52.0,
    "maxResTime" : 68.0,
    "pct1ResTime" : 65.00000000000001,
    "pct2ResTime" : 68.0,
    "pct3ResTime" : 68.0,
    "throughput" : 0.15320778806255986,
    "receivedKBytesPerSec" : 0.045633179061602296,
    "sentKBytesPerSec" : 0.043987392275774015
  },
  "Get Book of specific ID" : {
    "transaction" : "Get Book of specific ID",
    "sampleCount" : 24,
    "errorCount" : 0,
    "errorPct" : 0.0,
    "meanResTime" : 60.49999999999999,
    "minResTime" : 55.0,
    "maxResTime" : 69.0,
    "pct1ResTime" : 67.0,
    "pct2ResTime" : 68.5,
    "pct3ResTime" : 69.0,
    "throughput" : 0.30612244897959184,
    "receivedKBytesPerSec" : 0.22148288026147958,
    "sentKBytesPerSec" : 0.06367586096938775
  },
  "Get All Authors" : {
    "transaction" : "Get All Authors",
    "sampleCount" : 24,
    "errorCount" : 0,
    "errorPct" : 0.0,
    "meanResTime" : 489.25,
    "minResTime" : 271.0,
    "maxResTime" : 833.0,
    "pct1ResTime" : 821.0,
    "pct2ResTime" : 832.5,
    "pct3ResTime" : 833.0,
    "throughput" : 0.30617321749779935,
    "receivedKBytesPerSec" : 13.548115041397171,
    "sentKBytesPerSec" : 0.06368642121780398
  },
  "Get Cover Photos" : {
    "transaction" : "Get Cover Photos",
    "sampleCount" : 24,
    "errorCount" : 0,
    "errorPct" : 0.0,
    "meanResTime" : 69.08333333333334,
    "minResTime" : 52.0,
    "maxResTime" : 151.0,
    "pct1ResTime" : 103.5,
    "pct2ResTime" : 139.5,
    "pct3ResTime" : 151.0,
    "throughput" : 0.30615759462183156,
    "receivedKBytesPerSec" : 6.2005882371700825,
    "sentKBytesPerSec" : 0.06487909964154048
  },
  "Get Books" : {
    "transaction" : "Get Books",
    "sampleCount" : 24,
    "errorCount" : 0,
    "errorPct" : 0.0,
    "meanResTime" : 578.7916666666667,
    "minResTime" : 299.0,
    "maxResTime" : 1084.0,
    "pct1ResTime" : 1002.5,
    "pct2ResTime" : 1080.25,
    "pct3ResTime" : 1084.0,
    "throughput" : 0.30531632042947826,
    "receivedKBytesPerSec" : 29.07409943611892,
    "sentKBytesPerSec" : 0.06291185899474601
  },
  "Total" : {
    "transaction" : "Total",
    "sampleCount" : 248,
    "errorCount" : 0,
    "errorPct" : 0.0,
    "meanResTime" : 181.83467741935485,
    "minResTime" : 49.0,
    "maxResTime" : 1084.0,
    "pct1ResTime" : 555.4,
    "pct2ResTime" : 758.6999999999998,
    "pct3ResTime" : 1003.8299999999988,
    "throughput" : 3.108119963404394,
    "receivedKBytesPerSec" : 49.628115365454754,
    "sentKBytesPerSec" : 0.7683770138549461
  },
  "Get Books CSV" : {
    "transaction" : "Get Books CSV",
    "sampleCount" : 12,
    "errorCount" : 0,
    "errorPct" : 0.0,
    "meanResTime" : 61.00000000000001,
    "minResTime" : 56.0,
    "maxResTime" : 66.0,
    "pct1ResTime" : 65.7,
    "pct2ResTime" : 66.0,
    "pct3ResTime" : 66.0,
    "throughput" : 0.15362359658443536,
    "receivedKBytesPerSec" : 0.11120458102364524,
    "sentKBytesPerSec" : 0.031967410194205834
  },
  "Add Users from CSV" : {
    "transaction" : "Add Users from CSV",
    "sampleCount" : 12,
    "errorCount" : 0,
    "errorPct" : 0.0,
    "meanResTime" : 53.833333333333336,
    "minResTime" : 51.0,
    "maxResTime" : 58.0,
    "pct1ResTime" : 57.7,
    "pct2ResTime" : 58.0,
    "pct3ResTime" : 58.0,
    "throughput" : 0.1536452331566413,
    "receivedKBytesPerSec" : 0.04576347276638242,
    "sentKBytesPerSec" : 0.044112986863332565
  },
  "Get Cover Photos By ID" : {
    "transaction" : "Get Cover Photos By ID",
    "sampleCount" : 24,
    "errorCount" : 0,
    "errorPct" : 0.0,
    "meanResTime" : 53.875,
    "minResTime" : 49.0,
    "maxResTime" : 61.0,
    "pct1ResTime" : 59.5,
    "pct2ResTime" : 60.75,
    "pct3ResTime" : 61.0,
    "throughput" : 0.30617321749779935,
    "receivedKBytesPerSec" : 0.10644303264571932,
    "sentKBytesPerSec" : 0.06548040491408014
  },
  "Add New Book" : {
    "transaction" : "Add New Book",
    "sampleCount" : 12,
    "errorCount" : 0,
    "errorPct" : 0.0,
    "meanResTime" : 54.166666666666664,
    "minResTime" : 52.0,
    "maxResTime" : 57.0,
    "pct1ResTime" : 57.0,
    "pct2ResTime" : 57.0,
    "pct3ResTime" : 57.0,
    "throughput" : 0.15333111855050985,
    "receivedKBytesPerSec" : 0.05719969461552222,
    "sentKBytesPerSec" : 0.05690021977460326
  }
}